Major,Total,Employed_full_time_year_round,Unemployment_rate,Median
GENERAL AGRICULTURE,128148,74078,0.026147106,50000
AGRICULTURE PRODUCTION AND MANAGEMENT,95326,64240,0.028636059,54000
AGRICULTURAL ECONOMICS,33955,22810,0.030248324,63000
ANIMAL SCIENCES,103549,64937,0.0426789,46000
FOOD SCIENCE,24280,12722,0.049188446,62000
PLANT SCIENCE AND AGRONOMY,79409,51077,0.031790887,50000
SOIL SCIENCE,6586,4042,0.050867052,63000
MISCELLANEOUS AGRICULTURE,8549,5074,0.039230422,52000
ENVIRONMENTAL SCIENCE,106106,65238,0.051289827,52000
FORESTRY,69447,39613,0.042563329,58000
NATURAL RESOURCES MANAGEMENT,83188,50595,0.054341279,52000
ARCHITECTURE,294692,163020,0.085991129,63000
AREA ETHNIC AND CIVILIZATION STUDIES,103740,50530,0.067938959,46000
COMMUNICATIONS,987676,595739,0.064360314,50000
JOURNALISM,418104,235407,0.061916752,50000
MASS MEDIA,211213,125489,0.08300476,48000
ADVERTISING AND PUBLIC RELATIONS,186829,111552,0.067216257,50000
COMMUNICATION TECHNOLOGIES,62141,37261,0.085008669,50000
COMPUTER AND INFORMATION SYSTEMS,253782,189950,0.051891239,65000
COMPUTER PROGRAMMING AND DATA PROCESSING,29317,18747,0.090264217,60000
COMPUTER SCIENCE,783292,561052,0.049518657,78000
INFORMATION SCIENCES,77805,57604,0.052841063,68000
COMPUTER ADMINISTRATION MANAGEMENT AND SECURITY,39362,28156,0.075045725,55000
COMPUTER NETWORKING AND TELECOMMUNICATIONS,51771,35954,0.05869412,55000
COSMETOLOGY SERVICES AND CULINARY ARTS,42325,25780,0.0549407,40000
GENERAL EDUCATION,1438867,591863,0.043903517,43000
EDUCATIONAL ADMINISTRATION AND SUPERVISION,4037,2468,0,58000
SCHOOL STUDENT COUNSELING,2396,1093,0.101745936,41000
ELEMENTARY EDUCATION,1446701,501786,0.038359164,40000
MATHEMATICS TEACHER EDUCATION,68808,29494,0.032983017,43000
PHYSICAL AND HEALTH EDUCATION TEACHING,281661,136343,0.046266958,48400
EARLY CHILDHOOD EDUCATION,157079,71133,0.049350649,35300
SCIENCE AND COMPUTER TEACHER EDUCATION,56477,24817,0.042199894,46000
SECONDARY TEACHER EDUCATION,224262,88917,0.043755677,45000
SPECIAL NEEDS EDUCATION,149689,71615,0.047144655,42000
SOCIAL SCIENCE OR HISTORY TEACHER EDUCATION,127022,51632,0.046013199,45000
TEACHER EDUCATION: MULTIPLE LEVELS,88067,37892,0.033356863,40000
LANGUAGE AND DRAMA EDUCATION,181445,67651,0.048080293,42000
ART AND MUSIC EDUCATION,231861,94756,0.040973373,42600
MISCELLANEOUS EDUCATION,225553,91322,0.039215238,50000
GENERAL ENGINEERING,503080,312023,0.047688237,75000
AEROSPACE ENGINEERING,65734,38491,0.041971309,80000
BIOLOGICAL ENGINEERING,32748,18621,0.058974061,62000
ARCHITECTURAL ENGINEERING,19587,11180,0.06904277,78000
BIOMEDICAL ENGINEERING,18347,9202,0.079035834,65000
CHEMICAL ENGINEERING,188046,109406,0.046261361,86000
CIVIL ENGINEERING,358593,220528,0.053386589,78000
COMPUTER ENGINEERING,154160,111025,0.054743829,80000
ELECTRICAL ENGINEERING,671647,422317,0.050508789,88000
ENGINEERING MECHANICS PHYSICS AND SCIENCE,20582,12257,0.043804515,65000
ENVIRONMENTAL ENGINEERING,13016,8104,0.045732003,70000
GEOLOGICAL AND GEOPHYSICAL ENGINEERING,6264,3350,0,85000
INDUSTRIAL AND MANUFACTURING ENGINEERING,138366,85014,0.051493383,75000
MATERIALS ENGINEERING AND MATERIALS SCIENCE,21430,11871,0.059731114,78000
MECHANICAL ENGINEERING,581529,362053,0.043843856,80000
METALLURGICAL ENGINEERING,12818,5462,0.044872677,96000
MINING AND MINERAL ENGINEERING,10746,6419,0.047031611,92000
NAVAL ARCHITECTURE AND MARINE ENGINEERING,16094,9226,0.040308825,97000
NUCLEAR ENGINEERING,9826,6474,0.067159424,95000
PETROLEUM ENGINEERING,19631,11636,0.042205349,125000
MISCELLANEOUS ENGINEERING,57006,37194,0.058821008,70000
ENGINEERING TECHNOLOGIES,37382,25651,0.046711214,63000
ENGINEERING AND INDUSTRIAL MANAGEMENT,47098,22104,0.054658256,74000
ELECTRICAL ENGINEERING TECHNOLOGY,94697,64157,0.058384094,67000
INDUSTRIAL PRODUCTION TECHNOLOGIES,82142,57266,0.049846002,70000
MECHANICAL ENGINEERING RELATED TECHNOLOGIES,29348,21273,0.043533273,60000
MISCELLANEOUS ENGINEERING TECHNOLOGIES,64196,46183,0.060196821,63000
LINGUISTICS AND COMPARATIVE LANGUAGE AND LITERATURE,75791,30428,0.081348089,48000
FRENCH GERMAN LATIN AND OTHER COMMON FOREIGN LANGUAGE STUDIES,236342,99459,0.058792542,48000
OTHER FOREIGN LANGUAGES,57793,23046,0.072373874,45000
FAMILY AND CONSUMER SCIENCES,402038,154167,0.055784849,40500
COURT REPORTING,9330,6143,0.066512583,50000
PRE-LAW AND LEGAL STUDIES,67037,37254,0.069847804,48000
ENGLISH LANGUAGE AND LITERATURE,1098647,482229,0.068645304,50000
COMPOSITION AND RHETORIC,59211,29628,0.07361495,40000
LIBERAL ARTS,601221,296792,0.067578521,50000
HUMANITIES,46188,19460,0.077843759,46700
LIBRARY SCIENCE,16193,4330,0.094842992,40000
BIOLOGY,839454,422788,0.05930117,51000
BIOCHEMICAL SCIENCES,75322,37103,0.071597529,53000
BOTANY,14135,6333,0.034023515,50000
MOLECULAR BIOLOGY,28197,13366,0.060537075,45000
ECOLOGY,45368,25677,0.048916986,47500
GENETICS,6362,3498,0.041590955,48000
MICROBIOLOGY,68885,33990,0.050880749,60000
PHARMACOLOGY,5015,2579,0.016110797,60000
PHYSIOLOGY,43984,20207,0.051139455,50000
ZOOLOGY,55395,26152,0.0483626,55000
NEUROSCIENCE,13676,5446,0.068897638,35000
MISCELLANEOUS BIOLOGY,29389,16508,0.047582436,52000
MATHEMATICS,432806,209838,0.05293608,66000
APPLIED MATHEMATICS,19112,12109,0.055652608,70000
STATISTICS AND DECISION SCIENCE,24806,14468,0.057054046,70000
MILITARY TECHNOLOGIES,4315,1708,0.101796407,64000
MULTI/INTERDISCIPLINARY STUDIES,45199,26038,0.077268968,43000
INTERCULTURAL AND INTERNATIONAL STUDIES,56580,27499,0.074330127,45000
NUTRITION SCIENCES,64534,28112,0.06321655,49500
MATHEMATICS AND COMPUTER SCIENCE,7184,5039,0.024900398,92000
COGNITIVE SCIENCE AND BIOPSYCHOLOGY,6898,3639,0.048872827,53000
INTERDISCIPLINARY SOCIAL SCIENCES,61871,31078,0.065383453,45000
PHYSICAL FITNESS PARKS RECREATION AND LEISURE,350409,204242,0.046902999,44000
PHILOSOPHY AND RELIGIOUS STUDIES,205763,95429,0.075020335,45000
THEOLOGY AND RELIGIOUS VOCATIONS,232865,121606,0.042505112,40000
PHYSICAL SCIENCES,8856,4961,0.038952537,60000
ASTRONOMY AND ASTROPHYSICS,4700,2447,0.086021505,80000
ATMOSPHERIC SCIENCES AND METEOROLOGY,14051,9098,0.036726308,60000
CHEMISTRY,308062,153308,0.054728624,59000
GEOLOGY AND EARTH SCIENCE,107902,59262,0.065110535,65000
GEOSCIENCES,8267,5020,0.042792441,57000
OCEANOGRAPHY,10741,6508,0.053895091,55000
PHYSICS,122620,60812,0.052090055,70000
MATERIALS SCIENCE,7208,4505,0.022333333,75000
MULTI-DISCIPLINARY OR GENERAL SCIENCE,427953,238933,0.045231124,56000
"NUCLEAR, INDUSTRIAL RADIOLOGY, AND BIOLOGICAL TECHNOLOGIES",12166,7238,0.069857949,62000
PSYCHOLOGY,1484075,736817,0.069666584,45000
EDUCATIONAL PSYCHOLOGY,14041,5763,0.07563114,40000
CLINICAL PSYCHOLOGY,7638,3297,0.102712161,45000
COUNSELING PSYCHOLOGY,17633,8888,0.06802139,39000
INDUSTRIAL AND ORGANIZATIONAL PSYCHOLOGY,17969,8631,0.08362907,62000
SOCIAL PSYCHOLOGY,10871,5226,0.087336245,47000
MISCELLANEOUS PSYCHOLOGY,34102,15688,0.082009364,45000
CRIMINAL JUSTICE AND FIRE PROTECTION,757141,517599,0.054035589,50000
PUBLIC ADMINISTRATION,54636,31262,0.069654918,56000
PUBLIC POLICY,14782,8196,0.079216917,60000
HUMAN SERVICES AND COMMUNITY ORGANIZATION,81786,44959,0.072421294,38000
SOCIAL WORK,319163,164020,0.059375901,40000
GENERAL SOCIAL SCIENCES,127363,57036,0.071056931,50000
ECONOMICS,757616,430580,0.061312717,69000
ANTHROPOLOGY AND ARCHEOLOGY,143087,66046,0.078175778,43000
CRIMINOLOGY,75085,48763,0.06451917,49000
GEOGRAPHY,115423,63070,0.06900849,54000
INTERNATIONAL RELATIONS,77371,42091,0.07031327,55000
POLITICAL SCIENCE AND GOVERNMENT,748956,421761,0.069373855,58000
SOCIOLOGY,674558,336515,0.065804304,47000
MISCELLANEOUS SOCIAL SCIENCES,15882,9444,0.054398771,52000
CONSTRUCTION SERVICES,92346,65916,0.051097081,65000
"ELECTRICAL, MECHANICAL, AND PRECISION TECHNOLOGIES AND PRODUCTION",15726,10453,0.052033988,48000
TRANSPORTATION SCIENCES AND TECHNOLOGIES,126639,83519,0.047263682,67000
FINE ARTS,571961,256747,0.071753268,45000
DRAMA AND THEATER ARTS,174817,81519,0.08027373,42000
MUSIC,276262,116142,0.054719193,45000
VISUAL AND PERFORMING ARTS,55141,23479,0.094658002,40000
COMMERCIAL ART AND GRAPHIC DESIGN,504657,266671,0.073919719,46600
FILM VIDEO AND PHOTOGRAPHIC ARTS,133508,69303,0.085618911,47000
ART HISTORY AND CRITICISM,90852,38989,0.063912645,44500
STUDIO ARTS,81008,36943,0.083713827,37600
MISCELLANEOUS FINE ARTS,8511,3802,0.156147487,45000
GENERAL MEDICAL AND HEALTH SERVICES,104516,53746,0.054700627,50000
COMMUNICATION DISORDERS SCIENCES AND SERVICES,74977,26085,0.046467181,42000
HEALTH AND MEDICAL ADMINISTRATIVE SERVICES,108510,67294,0.057003977,50000
MEDICAL ASSISTING SERVICES,64316,25118,0.031356845,55000
MEDICAL TECHNOLOGIES TECHNICIANS,164990,92128,0.036209865,60000
HEALTH AND MEDICAL PREPARATORY PROGRAMS,32514,13147,0.070009785,50000
NURSING,1769892,947546,0.026796818,62000
PHARMACY PHARMACEUTICAL SCIENCES AND ADMINISTRATION,180084,89234,0.034357681,106000
TREATMENT THERAPY PROFESSIONS,252138,128115,0.026291603,61000
COMMUNITY AND PUBLIC HEALTH,56741,28912,0.066527702,47000
MISCELLANEOUS HEALTH MEDICAL PROFESSIONS,77647,35676,0.053572714,45000
GENERAL BUSINESS,2148712,1304646,0.051377532,60000
ACCOUNTING,1779219,1095027,0.053414673,65000
ACTUARIAL SCIENCE,9763,6880,0.056063523,72000
BUSINESS MANAGEMENT AND ADMINISTRATION,3123510,1939384,0.058865337,58000
OPERATIONS LOGISTICS AND E-COMMERCE,57200,41104,0.043268259,65000
BUSINESS ECONOMICS,75547,48471,0.061748572,65000
MARKETING AND MARKETING RESEARCH,1114624,704912,0.055032889,56000
FINANCE,816548,561073,0.048472931,65000
HUMAN RESOURCES AND PERSONNEL MANAGEMENT,187274,116466,0.060748094,54000
INTERNATIONAL BUSINESS,86064,51012,0.071353708,54000
HOSPITALITY MANAGEMENT,200854,122499,0.051446983,49000
MANAGEMENT INFORMATION SYSTEMS AND STATISTICS,156673,118249,0.043977137,72000
MISCELLANEOUS BUSINESS & MEDICAL ADMINISTRATION,102753,61603,0.052678561,53000
HISTORY,712509,354163,0.065851006,50000
UNITED STATES HISTORY,17746,8204,0.07349961,50000